INSERT INTO ajiltan_turul VALUES
	(1, 'Инженер', 'УЛААНБААТАР ДУЛААНЫ СҮЛЖЭЭ'),
    (2, 'Деспитчер', 'ОСНААУГ');

INSERT INTO ajiltan VALUES
	('A.EN001', 'Сумъяабаатар', 'Дуламбаяр', '80243304', 'dulmaa@gmail.com', '1234', 1),
    ('A.EN002', 'Алтангэрэл', 'Тавилан', '95432438', 'azamilan@gmail.com', '1234', 1),
    ('A.DC001', 'Лхамсүрэн', 'Тэвшинтээр', '95990200', 'tshoo4208@gmail.com', '1234', 2),
    ('A.AD001', 'Лхагвасүрэн', 'Анужин', '94333838', 'b200920040@gmail.com', '1234', 2);

INSERT INTO node VALUES
	('#0001', 'Нарлаг хотхон', 'БЗД-ийн 22-р хороо'),
    ('#0002', 'Дэлгэрэх - 58', 'БЗД-ийн Дэлгэрэх апартмент'),
    ('#0003', '93А байр', 'БЗД-ийн 22-р хороо'),
    ('#0004', 'ШУТИС-МХТС', 'БЗД-ийн 22-р хороо ШУТИС-ийн 6-р байр'),
    ('#0005', '71-р байр', 'БЗД-ийн 22-р хороо Өлгийн 20-р гудамж');
    
INSERT INTO star VALUES 
    (null, '#0005', 'A.EN001');
    
INSERT INTO state VALUES 
	('E0001', 'Хэвийн', 1, 'Үзүүлэлтүүд хэвийн'),
    ('E0002', 'Даралт багассан', 2, 'Хэлхээ 2-н ирэх даралт Р21 хэвийн хэмжээнээс 0,1 бар буурсан'),
    ('E0003', 'Даралт өссөн', 2, 'Хэлхээ 2-н ирэх даралт Р21 хэвийн хэмжээнээс 0,1 бар өссөн'),
    ('E0004', 'Дэлбэрэх аюултай', 3, 'Хэлхээ 2-н ирэх даралт Р21 хэвийн хэмжээнээс 0,1 бараас дээш өссөн'),
    ('E0005', 'Хөлдөх аюултай', 3, 'Хэлхээ 2-н ирэх даралт Р21 хэвийн хэмжээнээс 0,1 бараас дээш буурсан');

INSERT INTO node_log VALUES 
    (null, '#0001', '2024-05-15 0:4:32', 'E0001', 115.6, 82.1, 66.5, 58.9, 12.6, 55.0, 50.2, 11.7, 9.9, 13.1, 11.1, 16.0, 8.6, 5.2, 14.7, 1, 0, 0, 0, 1, 1, 0, 1, 1, 0),
    (null, '#0001', '2024-05-15 1:38:56', 'E0001', 110.1, 83.2, 63.5, 48.5, -1.7, 57.8, 53.3, 13.8, 11.7, 13.8, 11.8, 16.8, 9.0, 4.5, 10.3, 1, 1, 0, 1, 1, 1, 0, 1, 0, 0),
    (null, '#0001', '2024-05-15 2:43:20', 'E0001', 111.3, 90.7, 68.5, 54.0, 7.3, 54.3, 56.7, 14.8, 10.4, 10.3, 10.2, 16.0, 7.3, 3.6, 12.2, 1, 1, 1, 0, 1, 1, 1, 1, 1, 1),
    (null, '#0001', '2024-05-15 3:19:1', 'E0001', 111.5, 81.2, 54.4, 41.0, 4.1, 51.1, 54.8, 11.5, 10.3, 11.7, 10.6, 16.7, 7.2, 5.8, 14.2, 1, 1, 0, 0, 0, 0, 1, 0, 0, 1),
    (null, '#0001', '2024-05-15 4:41:57', 'E0001', 110.6, 76.2, 61.7, 43.0, 4.9, 58.0, 57.0, 12.4, 8.4, 11.5, 8.1, 17.0, 7.1, 4.5, 12.1, 1, 0, 0, 1, 1, 1, 1, 1, 1, 1),
    (null, '#0001', '2024-05-15 5:59:52', 'E0001', 118.4, 79.5, 53.6, 50.0, -1.6, 52.2, 56.0, 12.3, 10.3, 14.8, 9.1, 15.6, 7.4, 6.8, 13.2, 1, 0, 0, 0, 0, 0, 0, 1, 1, 1),
    (null, '#0001', '2024-05-15 6:50:43', 'E0001', 115.4, 91.6, 50.9, 56.4, 9.6, 59.7, 59.5, 14.1, 8.2, 11.2, 11.3, 15.8, 7.5, 6.7, 13.1, 1, 0, 1, 0, 1, 1, 0, 1, 1, 0),
    (null, '#0001', '2024-05-15 7:9:36', 'E0001', 112.7, 76.1, 56.4, 40.1, 5.2, 57.7, 54.0, 11.7, 8.7, 14.6, 8.4, 15.7, 7.2, 8.0, 14.6, 1, 1, 0, 0, 0, 0, 1, 1, 1, 1),
    (null, '#0001', '2024-05-15 8:58:31', 'E0001', 122.1, 79.9, 65.4, 46.4, -2.5, 55.1, 52.5, 14.5, 10.7, 14.1, 9.7, 16.0, 8.4, 8.7, 15.0, 1, 0, 1, 0, 0, 0, 1, 0, 0, 1),
    (null, '#0001', '2024-05-15 9:29:30', 'E0001', 119.3, 78.7, 65.8, 58.1, -1.9, 55.2, 55.4, 10.2, 8.2, 11.8, 9.0, 16.9, 7.4, 8.1, 10.4, 1, 0, 0, 0, 0, 1, 1, 1, 1, 1),
    (null, '#0001', '2024-05-15 10:49:26', 'E0001', 121.1, 86.8, 50.9, 43.8, 8.0, 51.3, 58.4, 14.7, 8.1, 12.9, 8.7, 15.6, 7.6, 5.7, 12.2, 1, 1, 1, 0, 1, 0, 1, 1, 1, 0),
    (null, '#0001', '2024-05-15 11:15:48', 'E0001', 119.6, 92.7, 56.0, 43.6, -1.9, 50.8, 54.3, 11.5, 11.1, 12.0, 10.3, 16.8, 8.3, 8.3, 14.5, 1, 1, 1, 1, 1, 0, 1, 0, 1, 1),
    (null, '#0001', '2024-05-15 12:46:7', 'E0001', 116.0, 75.2, 52.7, 44.7, 0.3, 56.1, 50.8, 10.8, 8.0, 13.2, 8.4, 15.5, 7.4, 4.0, 14.9, 1, 1, 1, 0, 0, 0, 1, 1, 0, 1),
    (null, '#0001', '2024-05-15 13:24:8', 'E0001', 113.2, 87.5, 61.8, 52.1, 6.8, 53.0, 55.2, 12.0, 10.2, 11.2, 8.9, 16.9, 8.3, 8.1, 12.0, 1, 1, 1, 0, 0, 0, 0, 0, 1, 0),
    (null, '#0001', '2024-05-15 14:45:9', 'E0001', 114.5, 83.8, 65.6, 58.2, 14.6, 50.0, 52.1, 11.0, 10.9, 11.1, 11.2, 16.9, 8.0, 7.5, 13.0, 1, 1, 0, 1, 0, 0, 0, 0, 1, 0),
    (null, '#0001', '2024-05-15 15:0:12', 'E0001', 117.4, 79.1, 63.8, 40.4, 9.0, 57.0, 52.4, 11.1, 10.0, 11.4, 8.9, 16.6, 7.8, 5.6, 13.3, 1, 1, 1, 1, 0, 0, 0, 0, 0, 0),
    (null, '#0001', '2024-05-15 16:1:34', 'E0001', 110.2, 78.3, 59.0, 51.8, 1.3, 55.1, 54.2, 13.1, 8.4, 14.5, 8.2, 16.7, 8.9, 8.3, 14.2, 1, 1, 0, 1, 1, 1, 1, 0, 1, 1),
    (null, '#0001', '2024-05-15 17:6:59', 'E0001', 122.7, 85.5, 68.5, 47.3, 5.0, 51.2, 53.7, 14.8, 11.0, 11.2, 11.7, 16.8, 7.7, 6.8, 10.2, 1, 0, 1, 1, 1, 1, 1, 0, 0, 0),
    (null, '#0001', '2024-05-15 18:31:3', 'E0001', 114.3, 84.0, 54.1, 55.5, 8.8, 53.9, 53.3, 13.9, 10.6, 14.0, 9.6, 15.2, 8.2, 6.6, 14.8, 1, 1, 0, 0, 0, 1, 0, 0, 1, 1),
    (null, '#0001', '2024-05-15 19:37:29', 'E0001', 111.0, 76.5, 62.0, 56.0, 12.5, 50.6, 52.3, 10.1, 8.2, 10.5, 10.9, 16.2, 7.0, 4.2, 13.5, 1, 1, 1, 0, 1, 0, 0, 1, 1, 1),
    (null, '#0001', '2024-05-15 20:42:13', 'E0001', 123.2, 94.0, 56.2, 48.8, 13.5, 52.6, 53.4, 13.3, 10.6, 12.8, 9.0, 15.4, 7.5, 4.1, 12.0, 1, 0, 0, 0, 0, 0, 0, 0, 0, 0),
    (null, '#0001', '2024-05-15 21:16:55', 'E0001', 124.1, 93.1, 62.1, 51.8, 13.4, 57.0, 53.2, 14.0, 8.0, 14.7, 9.8, 15.8, 7.4, 7.9, 13.7, 1, 1, 0, 1, 1, 0, 1, 1, 1, 0),
    (null, '#0001', '2024-05-15 22:14:17', 'E0001', 113.4, 81.1, 69.5, 57.3, 13.7, 57.7, 55.4, 12.0, 9.5, 11.2, 8.0, 15.2, 8.2, 3.1, 13.3, 1, 0, 1, 0, 0, 1, 1, 1, 1, 1),
    (null, '#0001', '2024-05-15 23:51:14', 'E0001', 124.1, 78.1, 52.7, 46.4, 1.4, 52.7, 51.7, 10.5, 11.5, 11.9, 8.9, 16.0, 7.6, 4.3, 10.5, 1, 0, 0, 0, 0, 0, 0, 1, 1, 1),
    (null, '#0002', '2024-05-15 0:19:49', 'E0001', 123.4, 84.4, 62.8, 48.2, 0.3, 53.8, 50.7, 11.5, 11.0, 10.4, 8.1, 15.5, 8.7, 7.4, 10.1, 1, 0, 0, 0, 1, 1, 0, 1, 0, 1),
    (null, '#0002', '2024-05-15 1:27:55', 'E0001', 123.9, 85.4, 67.7, 47.5, -3.9, 50.6, 59.3, 12.7, 8.7, 12.7, 8.3, 16.8, 7.5, 8.6, 11.4, 1, 1, 0, 0, 0, 0, 1, 0, 0, 1),
    (null, '#0002', '2024-05-15 2:49:37', 'E0001', 120.1, 92.9, 54.0, 52.3, 10.3, 59.3, 55.6, 13.0, 10.1, 14.5, 11.6, 15.4, 8.4, 8.4, 12.2, 1, 0, 0, 0, 0, 1, 1, 0, 0, 0),
    (null, '#0002', '2024-05-15 3:59:39', 'E0001', 121.1, 82.0, 57.1, 52.7, -1.6, 59.0, 59.1, 14.4, 11.2, 14.2, 10.9, 16.0, 7.1, 5.8, 11.9, 1, 1, 1, 1, 0, 1, 0, 1, 1, 0),
    (null, '#0002', '2024-05-15 4:35:16', 'E0001', 123.3, 82.8, 50.2, 53.4, -1.0, 59.8, 50.9, 10.4, 9.2, 10.9, 8.7, 17.0, 8.0, 6.2, 14.9, 1, 0, 0, 1, 0, 1, 0, 0, 0, 0),
    (null, '#0002', '2024-05-15 5:44:20', 'E0001', 114.5, 84.2, 55.1, 43.5, 7.9, 59.2, 54.6, 11.1, 11.3, 12.3, 10.4, 16.2, 8.7, 3.1, 13.1, 1, 1, 0, 1, 1, 1, 1, 1, 0, 0),
    (null, '#0002', '2024-05-15 6:25:4', 'E0001', 124.1, 78.9, 67.4, 52.7, 9.8, 53.4, 57.7, 11.5, 8.0, 14.9, 11.3, 15.9, 8.8, 7.2, 12.8, 1, 1, 0, 1, 1, 0, 0, 0, 0, 1),
    (null, '#0002', '2024-05-15 7:22:40', 'E0001', 121.7, 95.0, 57.3, 59.5, -3.0, 52.0, 59.4, 10.1, 9.8, 13.4, 9.7, 16.6, 8.7, 6.8, 10.8, 1, 1, 1, 0, 1, 0, 1, 1, 0, 0),
    (null, '#0002', '2024-05-15 8:54:11', 'E0001', 118.3, 86.3, 64.1, 48.0, -0.7, 56.7, 57.0, 14.1, 10.9, 14.6, 11.4, 15.9, 8.8, 6.4, 12.8, 1, 1, 0, 0, 0, 1, 1, 0, 1, 0),
    (null, '#0002', '2024-05-15 9:46:14', 'E0001', 111.1, 84.8, 55.7, 52.8, -3.2, 54.1, 56.0, 13.4, 10.8, 14.0, 11.9, 15.2, 8.9, 5.7, 13.4, 1, 1, 1, 1, 0, 0, 0, 1, 1, 1),
    (null, '#0002', '2024-05-15 10:16:2', 'E0001', 111.8, 90.0, 68.4, 55.0, 0.0, 60.0, 53.7, 11.9, 11.2, 14.1, 11.1, 15.0, 8.7, 7.3, 11.4, 1, 0, 0, 1, 0, 1, 1, 0, 1, 1),
    (null, '#0002', '2024-05-15 11:28:9', 'E0001', 118.0, 89.7, 64.0, 50.1, -1.9, 56.2, 55.6, 13.0, 8.3, 11.0, 8.3, 15.3, 8.0, 7.8, 13.0, 1, 1, 1, 0, 0, 1, 0, 0, 0, 1),
    (null, '#0002', '2024-05-15 12:32:9', 'E0003', 124.6, 88.5, 54.4, 48.9, 9.5, 54.3, 57.4, 11.5, 10.1, 13.4, 11.2, 15.6, 7.6, 8.1, 10.3, 1, 1, 1, 1, 1, 0, 1, 0, 0, 1),
    (null, '#0002', '2024-05-15 13:31:46', 'E0003', 110.9, 89.6, 60.4, 42.2, -1.4, 51.0, 57.9, 10.6, 10.7, 16.2, 8.4, 16.7, 8.8, 3.1, 13.1, 1, 0, 0, 1, 0, 1, 0, 0, 1, 0),
    (null, '#0002', '2024-05-15 14:9:45', 'E0003', 113.6, 84.1, 57.1, 59.1, 13.7, 58.6, 56.1, 12.7, 9.0, 14.9, 10.5, 15.6, 7.2, 9.0, 11.9, 1, 1, 0, 0, 1, 1, 0, 0, 0, 1),
    (null, '#0002', '2024-05-15 15:49:14', 'E0003', 117.0, 77.8, 55.9, 43.5, 5.0, 52.0, 51.7, 10.1, 9.1, 14.8, 8.3, 15.6, 7.1, 5.8, 14.5, 1, 1, 0, 0, 1, 1, 1, 0, 1, 0),
    (null, '#0002', '2024-05-15 16:48:21', 'E0001', 122.4, 87.1, 50.4, 53.8, -1.4, 52.3, 57.0, 10.4, 9.2, 10.2, 10.8, 15.6, 7.5, 5.0, 11.2, 1, 0, 0, 1, 1, 0, 1, 1, 1, 0),
    (null, '#0002', '2024-05-15 17:56:25', 'E0001', 111.3, 87.5, 62.4, 46.6, 14.1, 58.6, 56.9, 10.6, 10.1, 13.0, 9.9, 15.6, 7.9, 3.2, 11.8, 1, 0, 1, 1, 1, 0, 0, 0, 1, 0),
    (null, '#0002', '2024-05-15 18:50:53', 'E0001', 119.6, 93.7, 56.5, 48.6, -4.9, 58.4, 54.5, 11.0, 11.1, 12.9, 9.3, 16.4, 8.2, 3.4, 14.4, 1, 1, 1, 1, 0, 0, 1, 1, 0, 1),
    (null, '#0002', '2024-05-15 19:23:24', 'E0002', 120.1, 81.4, 60.9, 50.8, -0.4, 57.5, 50.0, 11.7, 10.7, 7.5, 8.6, 15.7, 7.2, 3.7, 11.9, 1, 1, 0, 1, 1, 1, 1, 0, 0, 1),
    (null, '#0002', '2024-05-15 20:54:29', 'E0002', 111.3, 89.7, 58.8, 59.8, 9.4, 54.2, 58.8, 14.1, 11.7, 6.4, 9.4, 16.8, 7.3, 4.0, 13.4, 1, 0, 1, 1, 1, 0, 1, 0, 1, 1),
    (null, '#0002', '2024-05-15 21:36:44', 'E0002', 113.1, 79.9, 55.3, 46.9, 3.8, 51.0, 54.2, 13.8, 10.5, 6.4, 11.4, 16.8, 7.6, 4.9, 14.6, 1, 1, 0, 1, 1, 1, 0, 1, 1, 1),
    (null, '#0002', '2024-05-15 22:13:21', 'E0002', 117.4, 88.6, 50.9, 57.0, 14.0, 55.5, 58.7, 10.7, 11.2, 6.6, 9.2, 15.6, 8.4, 7.5, 11.0, 1, 1, 1, 0, 0, 1, 0, 0, 1, 0),
    (null, '#0002', '2024-05-15 23:17:23', 'E0002', 115.4, 79.4, 61.8, 57.6, 8.8, 55.2, 53.6, 13.7, 8.2, 6.8, 11.8, 16.7, 8.3, 8.4, 10.1, 1, 0, 1, 1, 0, 0, 1, 0, 1, 0),
    (null, '#0003', '2024-05-15 0:15:46', 'E0001', 112.7, 77.9, 57.2, 48.4, 4.8, 59.5, 56.0, 12.3, 8.5, 7.5, 5.2, 8.3, 14.5, 6.1, 13.1, 1, 0, 0, 0, 0, 1, 1, 1, 0, 0),
    (null, '#0003', '2024-05-15 1:12:33', 'E0001', 121.8, 92.7, 62.8, 40.8, -2.3, 52.3, 58.6, 10.9, 7.8, 6.6, 5.8, 8.2, 12.2, 6.0, 13.4, 1, 1, 0, 0, 1, 0, 1, 1, 0, 1),
    (null, '#0003', '2024-05-15 2:21:7', 'E0001', 115.3, 88.2, 68.0, 58.4, 10.7, 58.4, 54.1, 13.5, 9.6, 7.0, 6.1, 8.3, 14.5, 6.7, 14.1, 1, 1, 0, 0, 0, 0, 0, 0, 1, 0),
    (null, '#0003', '2024-05-15 3:29:16', 'E0001', 124.5, 85.6, 62.6, 48.8, 3.1, 51.2, 50.6, 10.5, 7.4, 7.5, 6.4, 8.0, 12.7, 7.0, 13.1, 1, 0, 1, 0, 1, 1, 1, 0, 1, 1),
    (null, '#0003', '2024-05-15 4:0:2', 'E0001', 119.3, 78.9, 54.6, 41.6, 2.9, 50.1, 59.7, 11.7, 9.4, 7.1, 6.9, 8.1, 13.2, 7.4, 13.6, 1, 0, 0, 1, 1, 1, 0, 0, 0, 0),
    (null, '#0003', '2024-05-15 5:42:11', 'E0001', 124.9, 89.2, 51.5, 40.4, 10.7, 54.7, 52.0, 11.5, 6.8, 7.2, 6.8, 8.1, 12.5, 5.4, 13.2, 1, 0, 0, 1, 1, 1, 0, 0, 1, 1),
    (null, '#0003', '2024-05-15 6:16:42', 'E0001', 117.1, 77.7, 54.9, 45.1, 8.3, 58.5, 58.4, 14.5, 9.8, 8.0, 5.9, 8.5, 11.9, 7.6, 13.0, 1, 0, 0, 0, 1, 1, 1, 1, 0, 0),
    (null, '#0003', '2024-05-15 7:27:39', 'E0001', 120.7, 79.8, 64.2, 50.0, 8.3, 50.2, 50.9, 14.3, 6.9, 7.1, 6.4, 8.1, 13.9, 8.6, 13.9, 1, 0, 1, 1, 0, 1, 0, 1, 0, 0),
    (null, '#0003', '2024-05-15 8:11:49', 'E0001', 111.8, 82.6, 67.1, 56.1, 14.9, 57.1, 52.2, 12.1, 6.9, 7.8, 6.2, 8.0, 11.6, 5.8, 14.0, 1, 0, 1, 1, 0, 0, 1, 1, 0, 1),
    (null, '#0003', '2024-05-15 9:25:44', 'E0001', 114.2, 79.5, 67.3, 42.0, 11.6, 57.4, 58.6, 13.3, 6.6, 6.1, 5.1, 8.0, 14.6, 8.6, 14.7, 1, 1, 1, 0, 0, 0, 0, 1, 1, 1),
    (null, '#0003', '2024-05-15 10:33:22', 'E0001', 110.9, 94.5, 56.4, 47.7, 3.5, 54.3, 59.4, 11.0, 7.7, 6.5, 5.6, 8.1, 13.9, 8.5, 14.5, 1, 0, 1, 0, 1, 1, 1, 1, 1, 1),
    (null, '#0003', '2024-05-15 11:58:17', 'E0001', 115.7, 83.7, 50.3, 58.7, 7.5, 57.4, 55.9, 14.9, 9.7, 6.7, 6.4, 8.2, 10.4, 6.4, 14.4, 1, 0, 0, 1, 1, 0, 1, 0, 1, 1),
    (null, '#0003', '2024-05-15 12:19:28', 'E0001', 122.3, 81.0, 53.6, 51.5, -0.1, 57.3, 53.2, 15.0, 8.3, 7.1, 6.7, 8.1, 12.0, 8.7, 14.8, 1, 0, 1, 0, 0, 0, 0, 0, 1, 1),
    (null, '#0003', '2024-05-15 13:44:24', 'E0001', 119.5, 75.5, 53.8, 57.0, 12.4, 55.1, 55.9, 10.5, 9.2, 7.4, 6.1, 8.2, 11.4, 8.1, 14.4, 1, 1, 1, 0, 1, 1, 1, 0, 0, 1),
    (null, '#0003', '2024-05-15 14:3:48', 'E0001', 121.4, 94.5, 57.4, 59.0, 3.9, 57.0, 56.4, 12.5, 6.7, 7.0, 5.3, 8.5, 13.6, 7.6, 13.9, 1, 0, 0, 0, 0, 1, 0, 1, 1, 1),
    (null, '#0003', '2024-05-15 15:32:15', 'E0001', 115.7, 76.1, 54.2, 55.3, 5.3, 53.7, 56.7, 13.7, 7.0, 7.2, 5.2, 8.0, 14.8, 8.0, 13.3, 1, 0, 1, 1, 1, 1, 1, 0, 0, 1),
    (null, '#0003', '2024-05-15 16:1:54', 'E0001', 119.1, 81.3, 58.4, 52.6, 9.0, 55.2, 59.7, 11.7, 6.1, 6.4, 5.8, 8.3, 13.4, 9.0, 13.3, 1, 1, 1, 1, 0, 0, 1, 0, 1, 1),
    (null, '#0003', '2024-05-15 17:46:13', 'E0001', 122.2, 85.5, 50.7, 44.3, 1.1, 54.0, 52.8, 10.3, 7.7, 7.1, 5.1, 8.3, 14.9, 5.4, 14.1, 1, 0, 0, 1, 1, 0, 1, 1, 0, 1),
    (null, '#0003', '2024-05-15 18:47:58', 'E0001', 112.3, 86.3, 60.6, 49.0, 7.7, 52.7, 58.7, 11.9, 9.6, 7.5, 5.6, 8.3, 12.5, 7.2, 14.9, 1, 0, 1, 0, 0, 0, 1, 0, 1, 1),
    (null, '#0003', '2024-05-15 19:53:53', 'E0001', 111.8, 75.7, 66.3, 47.3, 12.9, 50.5, 52.0, 13.3, 9.4, 6.9, 6.4, 8.4, 12.1, 7.2, 14.1, 1, 0, 1, 0, 0, 0, 1, 0, 0, 0),
    (null, '#0003', '2024-05-15 20:52:40', 'E0001', 113.6, 81.2, 58.7, 44.7, 14.8, 58.6, 56.4, 10.1, 8.8, 7.3, 5.8, 8.1, 14.4, 7.7, 14.4, 1, 1, 0, 0, 1, 1, 1, 0, 1, 1),
    (null, '#0003', '2024-05-15 21:31:47', 'E0001', 112.8, 76.7, 54.4, 55.2, -0.8, 53.5, 54.7, 10.8, 8.0, 6.0, 5.7, 8.2, 13.5, 8.3, 14.3, 1, 0, 0, 0, 1, 1, 0, 1, 1, 1),
    (null, '#0003', '2024-05-15 22:55:23', 'E0001', 117.3, 79.2, 53.1, 43.0, 3.5, 50.8, 56.2, 13.7, 7.7, 8.0, 5.9, 8.5, 12.7, 5.5, 14.5, 1, 0, 1, 1, 0, 1, 1, 1, 0, 0),
    (null, '#0003', '2024-05-15 23:14:59', 'E0001', 117.4, 75.6, 50.7, 45.7, 12.8, 50.4, 51.1, 13.4, 6.7, 6.6, 6.0, 8.2, 13.7, 8.8, 13.3, 1, 0, 0, 1, 1, 0, 0, 1, 1, 1),
    (null, '#0004', '2024-05-15 0:11:13', 'E0001', 121.1, 83.5, 68.9, 44.4, -1.8, 57.0, 55.2, 14.0, 9.2, 6.9, 6.7, 8.3, 11.5, 7.2, 13.3, 1, 1, 1, 0, 0, 1, 0, 0, 0, 1),
    (null, '#0004', '2024-05-15 1:39:1', 'E0001', 116.2, 94.8, 56.7, 55.7, -3.8, 50.7, 54.1, 10.4, 8.4, 7.2, 5.9, 8.3, 12.5, 6.8, 13.4, 1, 0, 0, 0, 1, 1, 0, 1, 1, 0), 
    (null, '#0004', '2024-05-15 2:30:36', 'E0001', 121.4, 86.9, 68.8, 45.8, 14.8, 54.5, 59.2, 12.2, 6.5, 7.6, 6.5, 8.0, 13.5, 6.4, 14.5, 1, 0, 1, 0, 0, 1, 1, 0, 1, 0),
    (null, '#0004', '2024-05-15 3:24:5', 'E0001', 122.2, 93.8, 64.6, 44.4, 9.2, 55.7, 55.6, 11.9, 6.9, 7.1, 5.5, 8.4, 12.3, 6.5, 13.3, 1, 1, 0, 1, 1, 1, 1, 1, 1, 0),  
    (null, '#0004', '2024-05-15 4:50:58', 'E0001', 122.9, 85.0, 64.2, 42.7, 2.4, 53.6, 51.8, 10.6, 7.6, 6.4, 5.9, 8.0, 10.9, 7.2, 13.2, 1, 0, 0, 0, 1, 1, 1, 0, 0, 0),
    (null, '#0004', '2024-05-15 5:3:0', 'E0001', 124.2, 78.0, 59.1, 42.4, 1.3, 54.0, 59.4, 13.5, 7.9, 6.1, 5.2, 8.4, 12.1, 6.7, 13.0, 1, 0, 1, 1, 1, 0, 0, 1, 1, 1),
    (null, '#0004', '2024-05-15 6:54:11', 'E0001', 115.1, 81.5, 68.2, 46.6, 0.4, 52.6, 50.2, 13.3, 8.4, 7.7, 6.3, 8.1, 11.6, 7.3, 14.7, 1, 1, 1, 1, 1, 0, 0, 0, 1, 0),
    (null, '#0004', '2024-05-15 7:49:48', 'E0001', 119.8, 75.2, 57.8, 47.7, -3.5, 59.8, 50.4, 11.8, 8.9, 7.9, 5.3, 8.4, 13.8, 6.0, 13.5, 1, 1, 0, 0, 1, 1, 1, 0, 1, 1),
    (null, '#0004', '2024-05-15 8:0:8', 'E0001', 113.3, 89.8, 65.5, 43.0, -3.2, 53.5, 53.3, 10.6, 9.7, 6.3, 6.0, 8.0, 11.9, 6.3, 13.3, 1, 1, 0, 1, 0, 0, 1, 1, 1, 1),
    (null, '#0004', '2024-05-15 9:38:47', 'E0001', 110.1, 86.8, 65.4, 53.2, 13.6, 50.1, 50.2, 10.4, 6.7, 6.5, 6.5, 8.4, 12.3, 8.3, 14.8, 1, 1, 0, 1, 1, 1, 0, 0, 0, 0),
    (null, '#0004', '2024-05-15 10:56:17', 'E0001', 112.4, 93.0, 60.8, 44.2, 10.8, 50.2, 59.4, 12.6, 7.1, 7.1, 6.1, 8.1, 14.5, 7.8, 14.2, 1, 0, 0, 1, 0, 0, 1, 1, 1, 1),
    (null, '#0004', '2024-05-15 11:1:52', 'E0001', 120.1, 92.6, 55.4, 53.6, -3.9, 55.0, 55.3, 11.2, 9.8, 6.3, 6.9, 8.2, 14.9, 8.1, 13.5, 1, 1, 0, 0, 1, 0, 1, 1, 1, 0),
    (null, '#0004', '2024-05-15 12:15:29', 'E0001', 118.1, 86.5, 51.4, 50.1, 3.5, 51.2, 54.1, 10.4, 6.8, 6.2, 6.1, 8.3, 12.2, 6.7, 13.2, 1, 1, 1, 1, 1, 1, 1, 1, 0, 1),
    (null, '#0004', '2024-05-15 13:58:9', 'E0001', 121.3, 80.3, 52.6, 48.2, -1.2, 53.8, 59.3, 10.5, 9.1, 7.2, 6.6, 8.2, 13.1, 7.7, 13.1, 1, 1, 0, 0, 0, 1, 0, 1, 0, 1),
    (null, '#0004', '2024-05-15 14:22:24', 'E0001', 122.8, 90.1, 68.1, 43.7, 9.6, 57.0, 51.2, 13.9, 7.6, 6.4, 5.8, 8.2, 12.8, 7.6, 13.6, 1, 0, 1, 0, 1, 1, 0, 1, 1, 0),
    (null, '#0004', '2024-05-15 15:14:59', 'E0001', 114.8, 90.3, 64.6, 46.5, 13.0, 57.3, 51.7, 13.7, 9.9, 7.6, 5.4, 8.1, 11.7, 7.0, 14.1, 1, 0, 1, 1, 1, 0, 1, 0, 0, 1),
    (null, '#0004', '2024-05-15 16:47:43', 'E0001', 119.5, 84.7, 52.3, 47.1, 9.1, 53.2, 58.5, 13.6, 8.9, 6.9, 5.3, 8.4, 12.4, 8.5, 13.9, 1, 1, 0, 0, 1, 1, 1, 0, 1, 1),
    (null, '#0004', '2024-05-15 17:4:4', 'E0001', 121.8, 80.7, 69.1, 43.5, 10.5, 58.8, 59.5, 11.7, 9.6, 6.4, 6.1, 8.0, 12.6, 7.9, 15.0, 1, 1, 0, 0, 1, 0, 0, 1, 0, 1),
    (null, '#0004', '2024-05-15 18:17:19', 'E0001', 119.8, 80.9, 60.7, 55.3, 2.0, 59.7, 53.3, 12.5, 7.3, 7.3, 5.0, 8.1, 12.0, 6.7, 14.6, 1, 1, 0, 1, 0, 1, 1, 0, 1, 1),
    (null, '#0004', '2024-05-15 19:40:40', 'E0001', 115.2, 93.1, 66.8, 41.8, -1.8, 52.7, 56.4, 12.3, 9.3, 8.0, 6.7, 8.3, 12.9, 8.0, 14.2, 1, 1, 0, 0, 1, 1, 0, 0, 0, 0),
    (null, '#0004', '2024-05-15 20:6:15', 'E0001', 110.3, 90.8, 56.6, 46.5, 14.6, 53.2, 52.6, 12.4, 7.9, 6.6, 5.3, 8.1, 11.0, 7.5, 13.7, 1, 0, 1, 1, 0, 1, 1, 0, 1, 0),
    (null, '#0004', '2024-05-15 21:7:26', 'E0001', 123.9, 80.4, 51.6, 48.9, 2.3, 52.0, 56.1, 12.0, 8.6, 7.9, 6.7, 8.3, 11.1, 8.4, 14.6, 1, 0, 0, 0, 0, 1, 0, 0, 1, 0),
    (null, '#0004', '2024-05-15 22:45:45', 'E0001', 124.7, 94.4, 64.2, 52.8, 5.7, 54.4, 56.5, 10.6, 7.9, 6.4, 5.9, 8.2, 10.7, 7.8, 13.3, 1, 1, 1, 0, 0, 1, 1, 0, 1, 0),
    (null, '#0004', '2024-05-15 23:21:49', 'E0001', 122.4, 82.4, 56.5, 58.6, 14.8, 51.1, 57.4, 12.2, 8.7, 7.3, 5.8, 8.4, 13.6, 8.6, 14.5, 1, 1, 1, 1, 1, 0, 0, 0, 0, 0),
    (null, '#0005', '2024-05-15 0:50:55', 'E0001', 116.2, 78.1, 52.1, 56.2, 1.2, 57.6, 57.9, 12.4, 6.7, 7.2, 6.7, 8.4, 12.3, 7.0, 14.8, 1, 1, 0, 0, 1, 0, 1, 1, 1, 0),
    (null, '#0005', '2024-05-15 1:9:39', 'E0001', 124.2, 84.1, 66.6, 48.0, 5.1, 52.4, 59.6, 12.2, 8.7, 6.6, 5.5, 8.5, 13.9, 5.7, 13.9, 1, 1, 1, 1, 1, 1, 0, 1, 0, 1),   
    (null, '#0005', '2024-05-15 2:27:43', 'E0001', 116.5, 77.6, 67.6, 53.8, 14.9, 51.3, 58.7, 11.0, 9.2, 7.3, 5.7, 8.1, 10.3, 7.4, 13.7, 1, 0, 1, 1, 1, 1, 0, 1, 0, 1), 
    (null, '#0005', '2024-05-15 3:39:48', 'E0001', 111.3, 93.8, 65.0, 50.7, 3.1, 58.7, 52.4, 13.8, 8.5, 6.6, 6.9, 8.1, 11.9, 8.8, 14.1, 1, 0, 1, 0, 1, 1, 0, 0, 0, 0),  
    (null, '#0005', '2024-05-15 4:8:20', 'E0001', 110.2, 85.9, 54.2, 53.0, 7.7, 55.8, 55.1, 12.5, 7.4, 7.9, 5.7, 8.5, 11.1, 5.8, 14.3, 1, 1, 0, 0, 0, 0, 0, 0, 0, 0),   
    (null, '#0005', '2024-05-15 5:49:53', 'E0001', 116.1, 88.1, 52.6, 54.1, 14.3, 52.0, 55.3, 11.2, 9.5, 7.0, 6.3, 8.4, 12.9, 5.7, 14.6, 1, 1, 0, 1, 0, 1, 0, 0, 0, 0), 
    (null, '#0005', '2024-05-15 6:38:31', 'E0001', 120.6, 75.3, 60.3, 56.1, -2.3, 53.8, 51.7, 10.7, 6.5, 7.1, 5.8, 8.0, 10.4, 5.5, 14.2, 1, 0, 0, 0, 0, 0, 1, 1, 0, 0), 
    (null, '#0005', '2024-05-15 7:30:5', 'E0001', 113.0, 84.7, 54.2, 44.2, -2.6, 50.8, 55.2, 14.3, 8.6, 6.6, 5.0, 8.5, 11.4, 5.7, 13.6, 1, 1, 0, 0, 0, 1, 1, 1, 0, 1),  
    (null, '#0005', '2024-05-15 8:23:54', 'E0001', 123.5, 78.6, 62.3, 56.4, -0.2, 55.4, 51.3, 14.7, 7.1, 7.6, 5.6, 8.0, 12.4, 5.7, 14.9, 1, 1, 0, 1, 1, 1, 0, 0, 0, 0), 
    (null, '#0005', '2024-05-15 9:7:11', 'E0001', 123.5, 77.9, 59.3, 50.9, 11.7, 50.8, 54.3, 13.0, 6.6, 7.2, 5.4, 8.1, 12.3, 5.5, 13.4, 1, 0, 0, 0, 1, 0, 1, 0, 1, 1),  
    (null, '#0005', '2024-05-15 10:32:59', 'E0001', 114.1, 80.6, 60.0, 45.8, -3.4, 59.1, 53.6, 10.3, 7.9, 6.4, 6.0, 8.0, 12.2, 6.3, 13.4, 1, 0, 0, 1, 1, 0, 0, 0, 1, 0),
    (null, '#0005', '2024-05-15 11:45:29', 'E0001', 111.9, 80.6, 57.9, 52.8, 13.3, 58.7, 59.1, 11.0, 6.7, 7.0, 5.1, 8.1, 13.7, 8.3, 13.5, 1, 0, 0, 0, 1, 0, 1, 0, 0, 0),
    (null, '#0005', '2024-05-15 12:47:37', 'E0001', 121.8, 76.5, 69.4, 47.5, 1.9, 55.3, 58.1, 11.8, 8.8, 6.6, 5.1, 8.2, 13.8, 6.0, 13.8, 1, 1, 0, 1, 1, 0, 1, 0, 1, 1), 
    (null, '#0005', '2024-05-15 13:25:32', 'E0001', 114.7, 88.7, 68.8, 52.7, -3.0, 53.4, 57.8, 13.6, 8.5, 6.9, 6.9, 8.1, 12.5, 5.6, 13.3, 1, 1, 0, 1, 0, 1, 1, 0, 0, 0),
    (null, '#0005', '2024-05-15 14:29:7', 'E0001', 115.6, 89.1, 53.6, 44.0, 7.7, 54.6, 57.5, 12.9, 6.2, 7.5, 5.9, 8.4, 10.2, 6.3, 13.7, 1, 1, 1, 1, 0, 0, 1, 1, 1, 1),  
    (null, '#0005', '2024-05-15 15:16:52', 'E0001', 110.3, 86.5, 58.6, 57.9, 2.0, 59.5, 52.7, 10.0, 8.7, 8.0, 5.6, 8.1, 13.3, 6.8, 14.9, 1, 1, 1, 1, 0, 1, 1, 0, 0, 0),
    (null, '#0005', '2024-05-15 16:34:16', 'E0001', 117.9, 84.2, 68.6, 59.5, 11.0, 50.2, 58.9, 10.4, 8.7, 7.6, 5.1, 8.1, 10.7, 6.3, 14.7, 1, 1, 0, 0, 1, 0, 0, 0, 1, 0),
    (null, '#0005', '2024-05-15 17:44:57', 'E0001', 117.0, 80.4, 58.2, 59.7, 8.7, 56.8, 58.6, 10.1, 8.4, 6.9, 6.0, 8.2, 11.4, 6.4, 14.8, 1, 0, 0, 1, 1, 1, 1, 0, 1, 0),
    (null, '#0005', '2024-05-15 18:48:27', 'E0001', 110.4, 87.3, 54.6, 54.5, 5.5, 53.4, 55.0, 14.6, 9.1, 6.1, 6.5, 8.4, 12.2, 8.8, 14.9, 1, 1, 0, 1, 1, 1, 0, 1, 1, 1),
    (null, '#0005', '2024-05-15 19:36:44', 'E0001', 120.9, 93.6, 54.8, 59.9, -1.6, 59.3, 53.1, 13.1, 7.7, 7.4, 5.5, 8.2, 10.5, 6.5, 13.9, 1, 1, 0, 0, 0, 0, 0, 0, 1, 0),
    (null, '#0005', '2024-05-15 20:54:9', 'E0001', 115.7, 90.7, 69.6, 52.6, 4.5, 52.9, 54.7, 12.3, 7.6, 6.8, 6.3, 8.3, 11.5, 8.5, 13.4, 1, 1, 1, 0, 1, 0, 0, 1, 1, 1),
    (null, '#0005', '2024-05-15 21:24:30', 'E0001', 113.4, 84.1, 61.4, 54.0, 9.1, 58.4, 50.4, 10.9, 8.2, 7.3, 6.7, 8.0, 10.2, 8.4, 13.9, 1, 1, 1, 1, 1, 1, 1, 0, 0, 1),
    (null, '#0005', '2024-05-15 22:4:26', 'E0001', 117.1, 94.1, 61.6, 56.1, 1.5, 56.2, 50.1, 12.9, 6.5, 6.1, 6.8, 8.2, 13.7, 5.3, 13.5, 1, 0, 1, 0, 1, 1, 0, 1, 1, 0),
    (null, '#0005', '2024-05-15 23:46:1', 'E0001', 122.3, 82.9, 67.1, 43.1, 10.5, 54.3, 54.9, 10.0, 7.8, 7.7, 5.8, 8.2, 14.8, 8.6, 13.6, 1, 0, 1, 1, 1, 1, 0, 0, 0, 0);
    
INSERT INTO command VALUES
	('CW01', 'Халуун ус эргэлт унтраах', 'Хэлхээ 1-н эргэлтийг унтраах /Цэвэр ус хязгаарлана/'),
    ('CA01', 'Аварын горимд шилжүүлэх', 'Бүх системийг идэвхигүй болгоно'),
    ('CH01', 'Халаалт эргэлт унтраах', 'Хэлхээ 2-н эргэлтийг унтраах /Халаалт хязгаарлана/'),
    ('CH02', 'Халаалт нэмэлт ус унтраах', 'Хэлхээ 2-н нэмэлт насосыг унтраана /Даралт нэмэх процессыг зогсооно/');

INSERT INTO command_log VALUES 
	(null, '2024-01-01 01:02:16', 8, 'A.EN002', 'CH01');
INSERT INTO command_log VALUES (null, "2024-03-13 01:32:00", 4, "A.DC001", "CH01");

INSERT INTO node_log values
	(null, '#0004', '2024-05-10 0:3:47', 'E0001', 122.4, 81.9, 50.7, 47.6, 7.9, 56.6, 59.1, 13.8, 6.8, 6.3, 6.1, 8.5, 14.5, 5.1, 14.7, 1, 0, 1, 1, 1, 1, 1, 1, 1, 1),
(null, '#0004', '2024-05-10 1:46:42', 'E0001', 112.1, 87.1, 62.8, 58.3, -3.2, 52.4, 59.6, 12.7, 8.8, 6.3, 6.3, 8.3, 14.8, 8.9, 14.7, 1, 0, 0, 1, 0, 0, 1, 1, 0, 0),
(null, '#0004', '2024-05-10 2:35:2', 'E0001', 113.0, 81.7, 57.8, 41.9, 5.5, 57.6, 55.7, 14.4, 9.6, 7.1, 6.3, 8.5, 11.9, 5.2, 13.4, 1, 0, 0, 0, 0, 1, 0, 1, 0, 0),
(null, '#0004', '2024-05-10 3:45:33', 'E0001', 110.1, 78.8, 60.4, 53.5, 14.0, 56.1, 50.6, 12.6, 7.5, 8.0, 6.3, 8.0, 13.7, 7.2, 13.4, 1, 1, 1, 1, 1, 1, 0, 1, 1, 0),
(null, '#0004', '2024-05-10 4:2:56', 'E0001', 112.4, 81.0, 52.4, 49.5, 7.5, 51.9, 56.5, 13.9, 8.7, 6.5, 5.6, 8.5, 11.5, 6.5, 13.2, 1, 0, 0, 0, 1, 1, 0, 1, 1, 1),
(null, '#0004', '2024-05-10 5:52:38', 'E0001', 124.9, 89.4, 57.4, 54.7, 3.8, 53.5, 55.0, 10.3, 8.6, 6.7, 5.1, 8.0, 12.1, 5.9, 13.5, 1, 0, 0, 0, 0, 1, 0, 0, 1, 1),
(null, '#0004', '2024-05-10 6:28:51', 'E0001', 113.1, 93.8, 54.7, 52.7, 4.0, 55.8, 56.1, 14.8, 7.7, 6.7, 6.4, 8.3, 10.6, 7.6, 14.2, 1, 0, 0, 0, 0, 0, 1, 1, 1, 0),
(null, '#0004', '2024-05-10 7:10:20', 'E0001', 123.7, 79.8, 61.1, 48.1, 12.2, 50.2, 58.3, 12.1, 8.1, 6.2, 5.3, 8.2, 14.3, 5.5, 13.1, 1, 1, 1, 0, 0, 0, 1, 0, 1, 0),
(null, '#0004', '2024-05-10 8:31:24', 'E0001', 111.6, 91.1, 50.1, 57.4, 4.3, 58.6, 54.6, 12.7, 9.9, 7.0, 5.3, 8.0, 14.2, 6.3, 13.3, 1, 1, 0, 0, 1, 0, 0, 1, 0, 1),
(null, '#0004', '2024-05-10 9:47:8', 'E0001', 124.7, 77.1, 52.5, 46.9, -0.3, 55.6, 52.5, 10.5, 7.2, 7.6, 6.9, 8.5, 11.0, 7.8, 13.0, 1, 0, 0, 0, 0, 0, 0, 0, 1, 0),
(null, '#0004', '2024-05-10 10:0:12', 'E0001', 124.1, 89.1, 66.8, 52.3, 8.2, 50.4, 53.0, 11.8, 8.4, 7.6, 6.7, 8.2, 10.7, 5.3, 14.0, 1, 0, 0, 0, 0, 0, 0, 1, 0, 0),
(null, '#0004', '2024-05-10 11:36:18', 'E0001', 114.5, 79.1, 60.2, 52.4, 7.8, 58.1, 56.0, 10.3, 8.0, 6.7, 6.3, 8.4, 12.5, 5.0, 14.5, 1, 1, 0, 1, 0, 1, 1, 1, 0, 0),
(null, '#0004', '2024-05-10 12:14:40', 'E0001', 123.1, 75.9, 54.4, 54.5, 4.7, 57.1, 56.1, 12.8, 7.9, 6.0, 5.3, 8.0, 11.7, 6.4, 14.5, 1, 1, 1, 1, 0, 0, 1, 1, 1, 0),
(null, '#0004', '2024-05-10 13:13:3', 'E0001', 117.7, 93.9, 68.4, 52.6, 8.4, 56.7, 55.4, 11.4, 6.4, 6.5, 6.7, 8.1, 12.3, 7.6, 13.4, 1, 1, 0, 1, 1, 1, 1, 0, 0, 1);
